analysis_id	正文主张	figure/panel	method与参数	code位置	输入/输出	复现状态	冲突或缺口
A01_ClinicalDelta	"{""summary"": ""论文报告治疗后血浆delta链丰度变化与PFS有关"", ""evidence"": [{""evidence_id"": ""A01_ClinicalDelta_P"", ""lane"": ""paper_claim"", ""source_id"": ""SRC001"", ""locator"": ""Results; Fig1b,ED1c,ED1d,ED1e,ED1f,ED1g"", ""evidence_class"": ""无法验证"", ""summary"": ""论文报告治疗后血浆delta链丰度变化与PFS有关；浏览阅读已完成但缺少本地原始字节，按该协议不能升级为直接证据。""}]}"	"{""ids"": [""Fig1b"", ""ED1c"", ""ED1d"", ""ED1e"", ""ED1f"", ""ED1g""], ""source_mode"": ""caption_only"", ""display_summary"": ""图注层重建：Fig1b,ED1c,ED1d,ED1e,ED1f,ED1g；原图、坐标与原作者作图代码未取得。"", ""evidence"": [{""evidence_id"": ""A01_ClinicalDelta_F"", ""lane"": ""figure"", ""source_id"": ""SRC001"", ""locator"": ""Final captions: Fig1b,ED1c,ED1d,ED1e,ED1f,ED1g"", ""evidence_class"": ""无法验证"", ""summary"": ""最终图注的展示描述，原图像素未取得；浏览阅读已完成但缺少本地原始字节，按该协议不能升级为直接证据。""}]}"	"{""summary"": ""CapTCR; baseline-C2D1 RF difference; median split; Gehan-Breslow-Wilcoxon"", ""evidence"": [{""evidence_id"": ""A01_ClinicalDelta_M"", ""lane"": ""method"", ""source_id"": ""SRC001"", ""locator"": ""Methods: CapTCR; baseline-C2D1 RF difference; median split; Gehan-Breslow-Wilcoxon"", ""evidence_class"": ""无法验证"", ""summary"": ""CapTCR; baseline-C2D1 RF difference; median split; Gehan-Breslow-Wilcoxon；浏览阅读已完成但缺少本地原始字节，按该协议不能升级为直接证据。""}], ""parameters"": []}"	"[{""evidence_id"": ""A01_ClinicalDelta_C"", ""source_id"": ""SRC005"", ""snapshot"": null, ""path"": null, ""locator"": null, ""scope"": ""missing"", ""evidence_status"": ""missing""}]"	"{""inputs"": [{""artifact_id"": ""A01_ClinicalDelta_IN"", ""path"": ""sources/data/A01_ClinicalDelta_input_missing"", ""semantic_type"": ""未取得的作者分析输入与身份表"", ""fingerprint"": null}], ""outputs"": [{""artifact_id"": ""A01_ClinicalDelta_OUT"", ""path"": ""expected_author_outputs/A01_ClinicalDelta_not_generated"", ""semantic_type"": ""未生成的原作者分析结果；不可当观察证据"", ""fingerprint"": null}]} fingerprint=missing"	受阻	"[{""issue_id"": ""A01_ClinicalDelta_gap"", ""kind"": ""gap"", ""topic"": ""acquisition_execution"", ""description"": ""切分阈值、landmark、删失和完整病例定义需患者级表；未取得原作者源码、相关原始输入与运行输出。"", ""impact"": ""阻止代码审读、参数实现核对与真实复现；只保留文献层重建。"", ""evidence_refs"": [""A01_ClinicalDelta_P"", ""A01_ClinicalDelta_M"", ""A01_ClinicalDelta_C""], ""blocking"": true, ""resolved"": false}, {""issue_id"": ""A01_ClinicalDelta_parameters_gap"", ""kind"": ""gap"", ""topic"": ""parameter_registry"", ""description"": ""参数已在独立文献摘录表中整理，但正式证据行缺少可指纹核对的原始来源，未注册为直接参数证据。"", ""impact"": ""不可据摘录自动执行或声称参数实现一致。"", ""evidence_refs"": [""A01_ClinicalDelta_M""], ""blocking"": true, ""resolved"": false}]"
A02_SingleCell	"{""summary"": ""论文报告骨髓gamma-delta细胞的表达状态与组成"", ""evidence"": [{""evidence_id"": ""A02_SingleCell_P"", ""lane"": ""paper_claim"", ""source_id"": ""SRC001"", ""locator"": ""Results; Fig1c,Fig4a,ED2g,ED2h,ED2i,ED2j,ED2k,ED2l,ED4c,ED4d,ED4e,ED4f"", ""evidence_class"": ""无法验证"", ""summary"": ""论文报告骨髓gamma-delta细胞的表达状态与组成；浏览阅读已完成但缺少本地原始字节，按该协议不能升级为直接证据。""}]}"	"{""ids"": [""Fig1c"", ""Fig4a"", ""ED2g"", ""ED2h"", ""ED2i"", ""ED2j"", ""ED2k"", ""ED2l"", ""ED4c"", ""ED4d"", ""ED4e"", ""ED4f""], ""source_mode"": ""caption_only"", ""display_summary"": ""图注层重建：Fig1c,Fig4a,ED2g,ED2h,ED2i,ED2j,ED2k,ED2l,ED4c,ED4d,ED4e,ED4f；原图、坐标与原作者作图代码未取得。"", ""evidence"": [{""evidence_id"": ""A02_SingleCell_F"", ""lane"": ""figure"", ""source_id"": ""SRC001"", ""locator"": ""Final captions: Fig1c,Fig4a,ED2g,ED2h,ED2i,ED2j,ED2k,ED2l,ED4c,ED4d,ED4e,ED4f"", ""evidence_class"": ""无法验证"", ""summary"": ""最终图注的展示描述，原图像素未取得；浏览阅读已完成但缺少本地原始字节，按该协议不能升级为直接证据。""}]}"	"{""summary"": ""QC;SCTransform;CLR;Harmony;WNN;VDJ-assisted annotation"", ""evidence"": [{""evidence_id"": ""A02_SingleCell_M"", ""lane"": ""method"", ""source_id"": ""SRC001"", ""locator"": ""Methods: QC;SCTransform;CLR;Harmony;WNN;VDJ-assisted annotation"", ""evidence_class"": ""无法验证"", ""summary"": ""QC;SCTransform;CLR;Harmony;WNN;VDJ-assisted annotation；浏览阅读已完成但缺少本地原始字节，按该协议不能升级为直接证据。""}], ""parameters"": []}"	"[{""evidence_id"": ""A02_SingleCell_C"", ""source_id"": ""SRC005"", ""snapshot"": null, ""path"": null, ""locator"": null, ""scope"": ""missing"", ""evidence_status"": ""missing""}]"	"{""inputs"": [{""artifact_id"": ""A02_SingleCell_IN"", ""path"": ""sources/data/A02_SingleCell_input_missing"", ""semantic_type"": ""未取得的作者分析输入与身份表"", ""fingerprint"": null}], ""outputs"": [{""artifact_id"": ""A02_SingleCell_OUT"", ""path"": ""expected_author_outputs/A02_SingleCell_not_generated"", ""semantic_type"": ""未生成的原作者分析结果；不可当观察证据"", ""fingerprint"": null}]} fingerprint=missing"	受阻	"[{""issue_id"": ""A02_SingleCell_gap"", ""kind"": ""gap"", ""topic"": ""acquisition_execution"", ""description"": ""原始ADT异常规则、PC和resolution及分选后分母未能代码核验；未取得原作者源码、相关原始输入与运行输出。"", ""impact"": ""阻止代码审读、参数实现核对与真实复现；只保留文献层重建。"", ""evidence_refs"": [""A02_SingleCell_P"", ""A02_SingleCell_M"", ""A02_SingleCell_C""], ""blocking"": true, ""resolved"": false}, {""issue_id"": ""A02_SingleCell_parameters_gap"", ""kind"": ""gap"", ""topic"": ""parameter_registry"", ""description"": ""参数已在独立文献摘录表中整理，但正式证据行缺少可指纹核对的原始来源，未注册为直接参数证据。"", ""impact"": ""不可据摘录自动执行或声称参数实现一致。"", ""evidence_refs"": [""A02_SingleCell_M""], ""blocking"": true, ""resolved"": false}]"
A03_CustomVDJ	"{""summary"": ""论文提出自定义gamma-delta受体配对与合并流程"", ""evidence"": [{""evidence_id"": ""A03_CustomVDJ_P"", ""lane"": ""paper_claim"", ""source_id"": ""SRC001"", ""locator"": ""Results; ED4b"", ""evidence_class"": ""无法验证"", ""summary"": ""论文提出自定义gamma-delta受体配对与合并流程；浏览阅读已完成但缺少本地原始字节，按该协议不能升级为直接证据。""}]}"	"{""ids"": [""ED4b""], ""source_mode"": ""caption_only"", ""display_summary"": ""图注层重建：ED4b；原图、坐标与原作者作图代码未取得。"", ""evidence"": [{""evidence_id"": ""A03_CustomVDJ_F"", ""lane"": ""figure"", ""source_id"": ""SRC001"", ""locator"": ""Final captions: ED4b"", ""evidence_class"": ""无法验证"", ""summary"": ""最终图注的展示描述，原图像素未取得；浏览阅读已完成但缺少本地原始字节，按该协议不能升级为直接证据。""}]}"	"{""summary"": ""G/M/GM;chain-reference rewrite;paired/dual/source/frequency priority"", ""evidence"": [{""evidence_id"": ""A03_CustomVDJ_M"", ""lane"": ""method"", ""source_id"": ""SRC001"", ""locator"": ""Methods: G/M/GM;chain-reference rewrite;paired/dual/source/frequency priority"", ""evidence_class"": ""无法验证"", ""summary"": ""G/M/GM;chain-reference rewrite;paired/dual/source/frequency priority；浏览阅读已完成但缺少本地原始字节，按该协议不能升级为直接证据。""}], ""parameters"": []}"	"[{""evidence_id"": ""A03_CustomVDJ_C"", ""source_id"": ""SRC005"", ""snapshot"": null, ""path"": null, ""locator"": null, ""scope"": ""missing"", ""evidence_status"": ""missing""}]"	"{""inputs"": [{""artifact_id"": ""A03_CustomVDJ_IN"", ""path"": ""sources/data/A03_CustomVDJ_input_missing"", ""semantic_type"": ""未取得的作者分析输入与身份表"", ""fingerprint"": null}], ""outputs"": [{""artifact_id"": ""A03_CustomVDJ_OUT"", ""path"": ""expected_author_outputs/A03_CustomVDJ_not_generated"", ""semantic_type"": ""未生成的原作者分析结果；不可当观察证据"", ""fingerprint"": null}]} fingerprint=missing"	受阻	"[{""issue_id"": ""A03_CustomVDJ_gap"", ""kind"": ""gap"", ""topic"": ""acquisition_execution"", ""description"": ""全长序列键、clone键和双链竞争需逐分支中间表；未取得原作者源码、相关原始输入与运行输出。"", ""impact"": ""阻止代码审读、参数实现核对与真实复现；只保留文献层重建。"", ""evidence_refs"": [""A03_CustomVDJ_P"", ""A03_CustomVDJ_M"", ""A03_CustomVDJ_C""], ""blocking"": true, ""resolved"": false}, {""issue_id"": ""A03_CustomVDJ_parameters_gap"", ""kind"": ""gap"", ""topic"": ""parameter_registry"", ""description"": ""参数已在独立文献摘录表中整理，但正式证据行缺少可指纹核对的原始来源，未注册为直接参数证据。"", ""impact"": ""不可据摘录自动执行或声称参数实现一致。"", ""evidence_refs"": [""A03_CustomVDJ_M""], ""blocking"": true, ""resolved"": false}]"
A04_Repertoire	"{""summary"": ""论文报告骨髓与血液免疫受体库的重塑和重叠"", ""evidence"": [{""evidence_id"": ""A04_Repertoire_P"", ""lane"": ""paper_claim"", ""source_id"": ""SRC001"", ""locator"": ""Results; ED3a,ED3b,ED3c,ED3d"", ""evidence_class"": ""无法验证"", ""summary"": ""论文报告骨髓与血液免疫受体库的重塑和重叠；浏览阅读已完成但缺少本地原始字节，按该协议不能升级为直接证据。""}]}"	"{""ids"": [""ED3a"", ""ED3b"", ""ED3c"", ""ED3d""], ""source_mode"": ""caption_only"", ""display_summary"": ""图注层重建：ED3a,ED3b,ED3c,ED3d；原图、坐标与原作者作图代码未取得。"", ""evidence"": [{""evidence_id"": ""A04_Repertoire_F"", ""lane"": ""figure"", ""source_id"": ""SRC001"", ""locator"": ""Final captions: ED3a,ED3b,ED3c,ED3d"", ""evidence_class"": ""无法验证"", ""summary"": ""最终图注的展示描述，原图像素未取得；浏览阅读已完成但缺少本地原始字节，按该协议不能升级为直接证据。""}]}"	"{""summary"": ""Shannon;richness;Morisita-Horn;matched compartment comparison"", ""evidence"": [{""evidence_id"": ""A04_Repertoire_M"", ""lane"": ""method"", ""source_id"": ""SRC001"", ""locator"": ""Methods: Shannon;richness;Morisita-Horn;matched compartment comparison"", ""evidence_class"": ""无法验证"", ""summary"": ""Shannon;richness;Morisita-Horn;matched compartment comparison；浏览阅读已完成但缺少本地原始字节，按该协议不能升级为直接证据。""}], ""parameters"": []}"	"[{""evidence_id"": ""A04_Repertoire_C"", ""source_id"": ""SRC005"", ""snapshot"": null, ""path"": null, ""locator"": null, ""scope"": ""missing"", ""evidence_status"": ""missing""}]"	"{""inputs"": [{""artifact_id"": ""A04_Repertoire_IN"", ""path"": ""sources/data/A04_Repertoire_input_missing"", ""semantic_type"": ""未取得的作者分析输入与身份表"", ""fingerprint"": null}], ""outputs"": [{""artifact_id"": ""A04_Repertoire_OUT"", ""path"": ""expected_author_outputs/A04_Repertoire_not_generated"", ""semantic_type"": ""未生成的原作者分析结果；不可当观察证据"", ""fingerprint"": null}]} fingerprint=missing"	受阻	"[{""issue_id"": ""A04_Repertoire_gap"", ""kind"": ""gap"", ""topic"": ""acquisition_execution"", ""description"": ""vegdist horn距离到相似度方向转换未核验；未取得原作者源码、相关原始输入与运行输出。"", ""impact"": ""阻止代码审读、参数实现核对与真实复现；只保留文献层重建。"", ""evidence_refs"": [""A04_Repertoire_P"", ""A04_Repertoire_M"", ""A04_Repertoire_C""], ""blocking"": true, ""resolved"": false}, {""issue_id"": ""A04_Repertoire_parameters_gap"", ""kind"": ""gap"", ""topic"": ""parameter_registry"", ""description"": ""参数已在独立文献摘录表中整理，但正式证据行缺少可指纹核对的原始来源，未注册为直接参数证据。"", ""impact"": ""不可据摘录自动执行或声称参数实现一致。"", ""evidence_refs"": [""A04_Repertoire_M""], ""blocking"": true, ""resolved"": false}]"
A05_FunctionalLabels	"{""summary"": ""论文通过报告细胞筛选定义肿瘤反应性受体"", ""evidence"": [{""evidence_id"": ""A05_FunctionalLabels_P"", ""lane"": ""paper_claim"", ""source_id"": ""SRC001"", ""locator"": ""Results; Fig2a,Fig2b,ED5d,ED5e,ED5f,ED5g"", ""evidence_class"": ""无法验证"", ""summary"": ""论文通过报告细胞筛选定义肿瘤反应性受体；浏览阅读已完成但缺少本地原始字节，按该协议不能升级为直接证据。""}]}"	"{""ids"": [""Fig2a"", ""Fig2b"", ""ED5d"", ""ED5e"", ""ED5f"", ""ED5g""], ""source_mode"": ""caption_only"", ""display_summary"": ""图注层重建：Fig2a,Fig2b,ED5d,ED5e,ED5f,ED5g；原图、坐标与原作者作图代码未取得。"", ""evidence"": [{""evidence_id"": ""A05_FunctionalLabels_F"", ""lane"": ""figure"", ""source_id"": ""SRC001"", ""locator"": ""Final captions: Fig2a,Fig2b,ED5d,ED5e,ED5f,ED5g"", ""evidence_class"": ""无法验证"", ""summary"": ""最终图注的展示描述，原图像素未取得；浏览阅读已完成但缺少本地原始字节，按该协议不能升级为直接证据。""}]}"	"{""summary"": ""NUR77-GFP absolute increase;target panel;construct QC"", ""evidence"": [{""evidence_id"": ""A05_FunctionalLabels_M"", ""lane"": ""method"", ""source_id"": ""SRC001"", ""locator"": ""Methods: NUR77-GFP absolute increase;target panel;construct QC"", ""evidence_class"": ""无法验证"", ""summary"": ""NUR77-GFP absolute increase;target panel;construct QC；浏览阅读已完成但缺少本地原始字节，按该协议不能升级为直接证据。""}], ""parameters"": []}"	"[{""evidence_id"": ""A05_FunctionalLabels_C"", ""source_id"": ""SRC005"", ""snapshot"": null, ""path"": null, ""locator"": null, ""scope"": ""missing"", ""evidence_status"": ""missing""}]"	"{""inputs"": [{""artifact_id"": ""A05_FunctionalLabels_IN"", ""path"": ""sources/data/A05_FunctionalLabels_input_missing"", ""semantic_type"": ""未取得的作者分析输入与身份表"", ""fingerprint"": null}], ""outputs"": [{""artifact_id"": ""A05_FunctionalLabels_OUT"", ""path"": ""expected_author_outputs/A05_FunctionalLabels_not_generated"", ""semantic_type"": ""未生成的原作者分析结果；不可当观察证据"", ""fingerprint"": null}]} fingerprint=missing"	材料冲突	"[{""issue_id"": ""A05_FunctionalLabels_gap"", ""kind"": ""gap"", ""topic"": ""acquisition_execution"", ""description"": ""TR边界比较符、borderline和构建失败处置未核验；未取得原作者源码、相关原始输入与运行输出。"", ""impact"": ""阻止代码审读、参数实现核对与真实复现；只保留文献层重建。"", ""evidence_refs"": [""A05_FunctionalLabels_P"", ""A05_FunctionalLabels_M"", ""A05_FunctionalLabels_C""], ""blocking"": true, ""resolved"": false}, {""issue_id"": ""A05_FunctionalLabels_conflict"", ""kind"": ""conflict"", ""topic"": ""reported_parameter_conflict"", ""description"": ""TR标签边界在正文图注与Methods存在比较符差异。"", ""impact"": ""两种报告值必须分别保留，不能静默选择或平均。"", ""evidence_refs"": [""A05_FunctionalLabels_F"", ""A05_FunctionalLabels_M""], ""blocking"": true, ""resolved"": false}, {""issue_id"": ""A05_FunctionalLabels_parameters_gap"", ""kind"": ""gap"", ""topic"": ""parameter_registry"", ""description"": ""参数已在独立文献摘录表中整理，但正式证据行缺少可指纹核对的原始来源，未注册为直接参数证据。"", ""impact"": ""不可据摘录自动执行或声称参数实现一致。"", ""evidence_refs"": [""A05_FunctionalLabels_M""], ""blocking"": true, ""resolved"": false}]"
A06_TargetSpecificity	"{""summary"": ""论文报告部分受体识别患者匹配MM及多个癌种靶细胞"", ""evidence"": [{""evidence_id"": ""A06_TargetSpecificity_P"", ""lane"": ""paper_claim"", ""source_id"": ""SRC001"", ""locator"": ""Results; Fig2c,Fig2d,Fig2e,ED5h"", ""evidence_class"": ""无法验证"", ""summary"": ""论文报告部分受体识别患者匹配MM及多个癌种靶细胞；浏览阅读已完成但缺少本地原始字节，按该协议不能升级为直接证据。""}]}"	"{""ids"": [""Fig2c"", ""Fig2d"", ""Fig2e"", ""ED5h""], ""source_mode"": ""caption_only"", ""display_summary"": ""图注层重建：Fig2c,Fig2d,Fig2e,ED5h；原图、坐标与原作者作图代码未取得。"", ""evidence"": [{""evidence_id"": ""A06_TargetSpecificity_F"", ""lane"": ""figure"", ""source_id"": ""SRC001"", ""locator"": ""Final captions: Fig2c,Fig2d,Fig2e,ED5h"", ""evidence_class"": ""无法验证"", ""summary"": ""最终图注的展示描述，原图像素未取得；浏览阅读已完成但缺少本地原始字节，按该协议不能升级为直接证据。""}]}"	"{""summary"": ""Donor-matched tumors;healthy targets;per-cancer maximum response"", ""evidence"": [{""evidence_id"": ""A06_TargetSpecificity_M"", ""lane"": ""method"", ""source_id"": ""SRC001"", ""locator"": ""Methods: Donor-matched tumors;healthy targets;per-cancer maximum response"", ""evidence_class"": ""无法验证"", ""summary"": ""Donor-matched tumors;healthy targets;per-cancer maximum response；浏览阅读已完成但缺少本地原始字节，按该协议不能升级为直接证据。""}], ""parameters"": []}"	"[{""evidence_id"": ""A06_TargetSpecificity_C"", ""source_id"": ""SRC005"", ""snapshot"": null, ""path"": null, ""locator"": null, ""scope"": ""missing"", ""evidence_status"": ""missing""}]"	"{""inputs"": [{""artifact_id"": ""A06_TargetSpecificity_IN"", ""path"": ""sources/data/A06_TargetSpecificity_input_missing"", ""semantic_type"": ""未取得的作者分析输入与身份表"", ""fingerprint"": null}], ""outputs"": [{""artifact_id"": ""A06_TargetSpecificity_OUT"", ""path"": ""expected_author_outputs/A06_TargetSpecificity_not_generated"", ""semantic_type"": ""未生成的原作者分析结果；不可当观察证据"", ""fingerprint"": null}]} fingerprint=missing"	受阻	"[{""issue_id"": ""A06_TargetSpecificity_gap"", ""kind"": ""gap"", ""topic"": ""acquisition_execution"", ""description"": ""健康靶读出与肿瘤靶不同；最大值不等于癌种覆盖率；未取得原作者源码、相关原始输入与运行输出。"", ""impact"": ""阻止代码审读、参数实现核对与真实复现；只保留文献层重建。"", ""evidence_refs"": [""A06_TargetSpecificity_P"", ""A06_TargetSpecificity_M"", ""A06_TargetSpecificity_C""], ""blocking"": true, ""resolved"": false}, {""issue_id"": ""A06_TargetSpecificity_parameters_gap"", ""kind"": ""gap"", ""topic"": ""parameter_registry"", ""description"": ""参数已在独立文献摘录表中整理，但正式证据行缺少可指纹核对的原始来源，未注册为直接参数证据。"", ""impact"": ""不可据摘录自动执行或声称参数实现一致。"", ""evidence_refs"": [""A06_TargetSpecificity_M""], ""blocking"": true, ""resolved"": false}]"
A07_TransferKilling	"{""summary"": ""论文报告导入gamma-delta受体可赋予原代T细胞杀伤"", ""evidence"": [{""evidence_id"": ""A07_TransferKilling_P"", ""lane"": ""paper_claim"", ""source_id"": ""SRC001"", ""locator"": ""Results; Fig2f"", ""evidence_class"": ""无法验证"", ""summary"": ""论文报告导入gamma-delta受体可赋予原代T细胞杀伤；浏览阅读已完成但缺少本地原始字节，按该协议不能升级为直接证据。""}]}"	"{""ids"": [""Fig2f""], ""source_mode"": ""caption_only"", ""display_summary"": ""图注层重建：Fig2f；原图、坐标与原作者作图代码未取得。"", ""evidence"": [{""evidence_id"": ""A07_TransferKilling_F"", ""lane"": ""figure"", ""source_id"": ""SRC001"", ""locator"": ""Final captions: Fig2f"", ""evidence_class"": ""无法验证"", ""summary"": ""最终图注的展示描述，原图像素未取得；浏览阅读已完成但缺少本地原始字节，按该协议不能升级为直接证据。""}]}"	"{""summary"": ""Alpha-beta TCR depleted primary T cells;luciferase killing;RM-ANOVA"", ""evidence"": [{""evidence_id"": ""A07_TransferKilling_M"", ""lane"": ""method"", ""source_id"": ""SRC001"", ""locator"": ""Methods: Alpha-beta TCR depleted primary T cells;luciferase killing;RM-ANOVA"", ""evidence_class"": ""无法验证"", ""summary"": ""Alpha-beta TCR depleted primary T cells;luciferase killing;RM-ANOVA；浏览阅读已完成但缺少本地原始字节，按该协议不能升级为直接证据。""}], ""parameters"": []}"	"[{""evidence_id"": ""A07_TransferKilling_C"", ""source_id"": ""SRC005"", ""snapshot"": null, ""path"": null, ""locator"": null, ""scope"": ""missing"", ""evidence_status"": ""missing""}]"	"{""inputs"": [{""artifact_id"": ""A07_TransferKilling_IN"", ""path"": ""sources/data/A07_TransferKilling_input_missing"", ""semantic_type"": ""未取得的作者分析输入与身份表"", ""fingerprint"": null}], ""outputs"": [{""artifact_id"": ""A07_TransferKilling_OUT"", ""path"": ""expected_author_outputs/A07_TransferKilling_not_generated"", ""semantic_type"": ""未生成的原作者分析结果；不可当观察证据"", ""fingerprint"": null}]} fingerprint=missing"	受阻	"[{""issue_id"": ""A07_TransferKilling_gap"", ""kind"": ""gap"", ""topic"": ""acquisition_execution"", ""description"": ""工程构建、供者配对和杀伤归一化需原始数据；未取得原作者源码、相关原始输入与运行输出。"", ""impact"": ""阻止代码审读、参数实现核对与真实复现；只保留文献层重建。"", ""evidence_refs"": [""A07_TransferKilling_P"", ""A07_TransferKilling_M"", ""A07_TransferKilling_C""], ""blocking"": true, ""resolved"": false}, {""issue_id"": ""A07_TransferKilling_parameters_gap"", ""kind"": ""gap"", ""topic"": ""parameter_registry"", ""description"": ""参数已在独立文献摘录表中整理，但正式证据行缺少可指纹核对的原始来源，未注册为直接参数证据。"", ""impact"": ""不可据摘录自动执行或声称参数实现一致。"", ""evidence_refs"": [""A07_TransferKilling_M""], ""blocking"": true, ""resolved"": false}]"
A08_PreGameTraining	"{""summary"": ""论文报告多模态表型模型可优先识别反应性细胞"", ""evidence"": [{""evidence_id"": ""A08_PreGameTraining_P"", ""lane"": ""paper_claim"", ""source_id"": ""SRC001"", ""locator"": ""Results; Fig3a,Fig3b,ED6a,ED6b,ED6c"", ""evidence_class"": ""无法验证"", ""summary"": ""论文报告多模态表型模型可优先识别反应性细胞；浏览阅读已完成但缺少本地原始字节，按该协议不能升级为直接证据。""}]}"	"{""ids"": [""Fig3a"", ""Fig3b"", ""ED6a"", ""ED6b"", ""ED6c""], ""source_mode"": ""caption_only"", ""display_summary"": ""图注层重建：Fig3a,Fig3b,ED6a,ED6b,ED6c；原图、坐标与原作者作图代码未取得。"", ""evidence"": [{""evidence_id"": ""A08_PreGameTraining_F"", ""lane"": ""figure"", ""source_id"": ""SRC001"", ""locator"": ""Final captions: Fig3a,Fig3b,ED6a,ED6b,ED6c"", ""evidence_class"": ""无法验证"", ""summary"": ""最终图注的展示描述，原图像素未取得；浏览阅读已完成但缺少本地原始字节，按该协议不能升级为直接证据。""}]}"	"{""summary"": ""RNA/ADT/cell-cycle;RF;SMOTENC;cell CV;review donor/batch holdout"", ""evidence"": [{""evidence_id"": ""A08_PreGameTraining_M"", ""lane"": ""method"", ""source_id"": ""SRC001"", ""locator"": ""Methods: RNA/ADT/cell-cycle;RF;SMOTENC;cell CV;review donor/batch holdout"", ""evidence_class"": ""无法验证"", ""summary"": ""RNA/ADT/cell-cycle;RF;SMOTENC;cell CV;review donor/batch holdout；浏览阅读已完成但缺少本地原始字节，按该协议不能升级为直接证据。""}, {""evidence_id"": ""A08_PreGameTraining_R"", ""lane"": ""method"", ""source_id"": ""SRC002"", ""locator"": ""Physical PDF pp69-71;Revisions Fig3.7-3.10"", ""evidence_class"": ""无法验证"", ""summary"": ""供者/共混批次留出、特征筛选与ablation补充；浏览阅读已完成但缺少本地原始字节，按该协议不能升级为直接证据。""}], ""parameters"": []}"	"[{""evidence_id"": ""A08_PreGameTraining_C"", ""source_id"": ""SRC005"", ""snapshot"": null, ""path"": null, ""locator"": null, ""scope"": ""missing"", ""evidence_status"": ""missing""}]"	"{""inputs"": [{""artifact_id"": ""A08_PreGameTraining_IN"", ""path"": ""sources/data/A08_PreGameTraining_input_missing"", ""semantic_type"": ""未取得的作者分析输入与身份表"", ""fingerprint"": null}], ""outputs"": [{""artifact_id"": ""A08_PreGameTraining_OUT"", ""path"": ""expected_author_outputs/A08_PreGameTraining_not_generated"", ""semantic_type"": ""未生成的原作者分析结果；不可当观察证据"", ""fingerprint"": null}]} fingerprint=missing"	受阻	"[{""issue_id"": ""A08_PreGameTraining_gap"", ""kind"": ""gap"", ""topic"": ""acquisition_execution"", ""description"": ""全数据特征筛选、跨fold依赖、最终模型列顺序和权重缺失；未取得原作者源码、相关原始输入与运行输出。"", ""impact"": ""阻止代码审读、参数实现核对与真实复现；只保留文献层重建。"", ""evidence_refs"": [""A08_PreGameTraining_P"", ""A08_PreGameTraining_M"", ""A08_PreGameTraining_C""], ""blocking"": true, ""resolved"": false}, {""issue_id"": ""A08_PreGameTraining_parameters_gap"", ""kind"": ""gap"", ""topic"": ""parameter_registry"", ""description"": ""参数已在独立文献摘录表中整理，但正式证据行缺少可指纹核对的原始来源，未注册为直接参数证据。"", ""impact"": ""不可据摘录自动执行或声称参数实现一致。"", ""evidence_refs"": [""A08_PreGameTraining_M""], ""blocking"": true, ""resolved"": false}]"
A09_ProspectiveValidation	"{""summary"": ""论文报告新队列候选经过实验验证支持排序效用"", ""evidence"": [{""evidence_id"": ""A09_ProspectiveValidation_P"", ""lane"": ""paper_claim"", ""source_id"": ""SRC001"", ""locator"": ""Results; Fig3c,Fig3d,Fig3e,Fig3f,ED6d,ED6e,ED6f,ED6g,ED6h,ED6i,ED6j,ED6k,ED6l,ED6m"", ""evidence_class"": ""无法验证"", ""summary"": ""论文报告新队列候选经过实验验证支持排序效用；浏览阅读已完成但缺少本地原始字节，按该协议不能升级为直接证据。""}]}"	"{""ids"": [""Fig3c"", ""Fig3d"", ""Fig3e"", ""Fig3f"", ""ED6d"", ""ED6e"", ""ED6f"", ""ED6g"", ""ED6h"", ""ED6i"", ""ED6j"", ""ED6k"", ""ED6l"", ""ED6m""], ""source_mode"": ""caption_only"", ""display_summary"": ""图注层重建：Fig3c,Fig3d,Fig3e,Fig3f,ED6d,ED6e,ED6f,ED6g,ED6h,ED6i,ED6j,ED6k,ED6l,ED6m；原图、坐标与原作者作图代码未取得。"", ""evidence"": [{""evidence_id"": ""A09_ProspectiveValidation_F"", ""lane"": ""figure"", ""source_id"": ""SRC001"", ""locator"": ""Final captions: Fig3c,Fig3d,Fig3e,Fig3f,ED6d,ED6e,ED6f,ED6g,ED6h,ED6i,ED6j,ED6k,ED6l,ED6m"", ""evidence_class"": ""无法验证"", ""summary"": ""最终图注的展示描述，原图像素未取得；浏览阅读已完成但缺少本地原始字节，按该协议不能升级为直接证据。""}]}"	"{""summary"": ""Top candidate selection;max score;expression-failure replacement;thresholding"", ""evidence"": [{""evidence_id"": ""A09_ProspectiveValidation_M"", ""lane"": ""method"", ""source_id"": ""SRC001"", ""locator"": ""Methods: Top candidate selection;max score;expression-failure replacement;thresholding"", ""evidence_class"": ""无法验证"", ""summary"": ""Top candidate selection;max score;expression-failure replacement;thresholding；浏览阅读已完成但缺少本地原始字节，按该协议不能升级为直接证据。""}], ""parameters"": []}"	"[{""evidence_id"": ""A09_ProspectiveValidation_C"", ""source_id"": ""SRC005"", ""snapshot"": null, ""path"": null, ""locator"": null, ""scope"": ""missing"", ""evidence_status"": ""missing""}]"	"{""inputs"": [{""artifact_id"": ""A09_ProspectiveValidation_IN"", ""path"": ""sources/data/A09_ProspectiveValidation_input_missing"", ""semantic_type"": ""未取得的作者分析输入与身份表"", ""fingerprint"": null}], ""outputs"": [{""artifact_id"": ""A09_ProspectiveValidation_OUT"", ""path"": ""expected_author_outputs/A09_ProspectiveValidation_not_generated"", ""semantic_type"": ""未生成的原作者分析结果；不可当观察证据"", ""fingerprint"": null}]} fingerprint=missing"	受阻	"[{""issue_id"": ""A09_ProspectiveValidation_gap"", ""kind"": ""gap"", ""topic"": ""acquisition_execution"", ""description"": ""高低分抽样、回顾性阈值和max/median选择关系需核查；未取得原作者源码、相关原始输入与运行输出。"", ""impact"": ""阻止代码审读、参数实现核对与真实复现；只保留文献层重建。"", ""evidence_refs"": [""A09_ProspectiveValidation_P"", ""A09_ProspectiveValidation_M"", ""A09_ProspectiveValidation_C""], ""blocking"": true, ""resolved"": false}, {""issue_id"": ""A09_ProspectiveValidation_parameters_gap"", ""kind"": ""gap"", ""topic"": ""parameter_registry"", ""description"": ""参数已在独立文献摘录表中整理，但正式证据行缺少可指纹核对的原始来源，未注册为直接参数证据。"", ""impact"": ""不可据摘录自动执行或声称参数实现一致。"", ""evidence_refs"": [""A09_ProspectiveValidation_M""], ""blocking"": true, ""resolved"": false}]"
A10_PhenotypeDE	"{""summary"": ""论文报告反应性细胞更常具有NK样表型"", ""evidence"": [{""evidence_id"": ""A10_PhenotypeDE_P"", ""lane"": ""paper_claim"", ""source_id"": ""SRC001"", ""locator"": ""Results; Fig4b,Fig4c,Fig4d,Fig4e,ED7i,ED7j,ED7k,ED7l"", ""evidence_class"": ""无法验证"", ""summary"": ""论文报告反应性细胞更常具有NK样表型；浏览阅读已完成但缺少本地原始字节，按该协议不能升级为直接证据。""}]}"	"{""ids"": [""Fig4b"", ""Fig4c"", ""Fig4d"", ""Fig4e"", ""ED7i"", ""ED7j"", ""ED7k"", ""ED7l""], ""source_mode"": ""caption_only"", ""display_summary"": ""图注层重建：Fig4b,Fig4c,Fig4d,Fig4e,ED7i,ED7j,ED7k,ED7l；原图、坐标与原作者作图代码未取得。"", ""evidence"": [{""evidence_id"": ""A10_PhenotypeDE_F"", ""lane"": ""figure"", ""source_id"": ""SRC001"", ""locator"": ""Final captions: Fig4b,Fig4c,Fig4d,Fig4e,ED7i,ED7j,ED7k,ED7l"", ""evidence_class"": ""无法验证"", ""summary"": ""最终图注的展示描述，原图像素未取得；浏览阅读已完成但缺少本地原始字节，按该协议不能升级为直接证据。""}]}"	"{""summary"": ""Clone-capped repeated FindMarkers;RNA/ADT;V-gene frequency tests"", ""evidence"": [{""evidence_id"": ""A10_PhenotypeDE_M"", ""lane"": ""method"", ""source_id"": ""SRC001"", ""locator"": ""Methods: Clone-capped repeated FindMarkers;RNA/ADT;V-gene frequency tests"", ""evidence_class"": ""无法验证"", ""summary"": ""Clone-capped repeated FindMarkers;RNA/ADT;V-gene frequency tests；浏览阅读已完成但缺少本地原始字节，按该协议不能升级为直接证据。""}], ""parameters"": []}"	"[{""evidence_id"": ""A10_PhenotypeDE_C"", ""source_id"": ""SRC005"", ""snapshot"": null, ""path"": null, ""locator"": null, ""scope"": ""missing"", ""evidence_status"": ""missing""}]"	"{""inputs"": [{""artifact_id"": ""A10_PhenotypeDE_IN"", ""path"": ""sources/data/A10_PhenotypeDE_input_missing"", ""semantic_type"": ""未取得的作者分析输入与身份表"", ""fingerprint"": null}], ""outputs"": [{""artifact_id"": ""A10_PhenotypeDE_OUT"", ""path"": ""expected_author_outputs/A10_PhenotypeDE_not_generated"", ""semantic_type"": ""未生成的原作者分析结果；不可当观察证据"", ""fingerprint"": null}]} fingerprint=missing"	材料冲突	"[{""issue_id"": ""A10_PhenotypeDE_gap"", ""kind"": ""gap"", ""topic"": ""acquisition_execution"", ""description"": ""图注与Methods迭代数冲突；P值平均、校正和供者混杂需审计；未取得原作者源码、相关原始输入与运行输出。"", ""impact"": ""阻止代码审读、参数实现核对与真实复现；只保留文献层重建。"", ""evidence_refs"": [""A10_PhenotypeDE_P"", ""A10_PhenotypeDE_M"", ""A10_PhenotypeDE_C""], ""blocking"": true, ""resolved"": false}, {""issue_id"": ""A10_PhenotypeDE_conflict"", ""kind"": ""conflict"", ""topic"": ""reported_parameter_conflict"", ""description"": ""同一差异分析的下采样迭代数在图注与Methods不一致。"", ""impact"": ""两种报告值必须分别保留，不能静默选择或平均。"", ""evidence_refs"": [""A10_PhenotypeDE_F"", ""A10_PhenotypeDE_M""], ""blocking"": true, ""resolved"": false}, {""issue_id"": ""A10_PhenotypeDE_parameters_gap"", ""kind"": ""gap"", ""topic"": ""parameter_registry"", ""description"": ""参数已在独立文献摘录表中整理，但正式证据行缺少可指纹核对的原始来源，未注册为直接参数证据。"", ""impact"": ""不可据摘录自动执行或声称参数实现一致。"", ""evidence_refs"": [""A10_PhenotypeDE_M""], ""blocking"": true, ""resolved"": false}]"
A11_SequenceDiversity	"{""summary"": ""论文报告受体扩增、长度与共享模式"", ""evidence"": [{""evidence_id"": ""A11_SequenceDiversity_P"", ""lane"": ""paper_claim"", ""source_id"": ""SRC001"", ""locator"": ""Results; ED7a,ED7b,ED7c,ED7d,ED7e,ED7f,ED7g,ED7h"", ""evidence_class"": ""无法验证"", ""summary"": ""论文报告受体扩增、长度与共享模式；浏览阅读已完成但缺少本地原始字节，按该协议不能升级为直接证据。""}]}"	"{""ids"": [""ED7a"", ""ED7b"", ""ED7c"", ""ED7d"", ""ED7e"", ""ED7f"", ""ED7g"", ""ED7h""], ""source_mode"": ""caption_only"", ""display_summary"": ""图注层重建：ED7a,ED7b,ED7c,ED7d,ED7e,ED7f,ED7g,ED7h；原图、坐标与原作者作图代码未取得。"", ""evidence"": [{""evidence_id"": ""A11_SequenceDiversity_F"", ""lane"": ""figure"", ""source_id"": ""SRC001"", ""locator"": ""Final captions: ED7a,ED7b,ED7c,ED7d,ED7e,ED7f,ED7g,ED7h"", ""evidence_class"": ""无法验证"", ""summary"": ""最终图注的展示描述，原图像素未取得；浏览阅读已完成但缺少本地原始字节，按该协议不能升级为直接证据。""}]}"	"{""summary"": ""Shannon;CDR3 lengths;V-gene tests;private sequence overlaps"", ""evidence"": [{""evidence_id"": ""A11_SequenceDiversity_M"", ""lane"": ""method"", ""source_id"": ""SRC001"", ""locator"": ""Methods: Shannon;CDR3 lengths;V-gene tests;private sequence overlaps"", ""evidence_class"": ""无法验证"", ""summary"": ""Shannon;CDR3 lengths;V-gene tests;private sequence overlaps；浏览阅读已完成但缺少本地原始字节，按该协议不能升级为直接证据。""}], ""parameters"": []}"	"[{""evidence_id"": ""A11_SequenceDiversity_C"", ""source_id"": ""SRC005"", ""snapshot"": null, ""path"": null, ""locator"": null, ""scope"": ""missing"", ""evidence_status"": ""missing""}]"	"{""inputs"": [{""artifact_id"": ""A11_SequenceDiversity_IN"", ""path"": ""sources/data/A11_SequenceDiversity_input_missing"", ""semantic_type"": ""未取得的作者分析输入与身份表"", ""fingerprint"": null}], ""outputs"": [{""artifact_id"": ""A11_SequenceDiversity_OUT"", ""path"": ""expected_author_outputs/A11_SequenceDiversity_not_generated"", ""semantic_type"": ""未生成的原作者分析结果；不可当观察证据"", ""fingerprint"": null}]} fingerprint=missing"	受阻	"[{""issue_id"": ""A11_SequenceDiversity_gap"", ""kind"": ""gap"", ""topic"": ""acquisition_execution"", ""description"": ""长度和私有序列不直接测量抗原多样性；未取得原作者源码、相关原始输入与运行输出。"", ""impact"": ""阻止代码审读、参数实现核对与真实复现；只保留文献层重建。"", ""evidence_refs"": [""A11_SequenceDiversity_P"", ""A11_SequenceDiversity_M"", ""A11_SequenceDiversity_C""], ""blocking"": true, ""resolved"": false}, {""issue_id"": ""A11_SequenceDiversity_parameters_gap"", ""kind"": ""gap"", ""topic"": ""parameter_registry"", ""description"": ""参数已在独立文献摘录表中整理，但正式证据行缺少可指纹核对的原始来源，未注册为直接参数证据。"", ""impact"": ""不可据摘录自动执行或声称参数实现一致。"", ""evidence_refs"": [""A11_SequenceDiversity_M""], ""blocking"": true, ""resolved"": false}]"
A12_PrimaryBlockade	"{""summary"": ""论文报告原代gamma-delta细胞反应被TCR阻断降低"", ""evidence"": [{""evidence_id"": ""A12_PrimaryBlockade_P"", ""lane"": ""paper_claim"", ""source_id"": ""SRC001"", ""locator"": ""Results; Fig4f,Fig4g,Fig4h"", ""evidence_class"": ""无法验证"", ""summary"": ""论文报告原代gamma-delta细胞反应被TCR阻断降低；浏览阅读已完成但缺少本地原始字节，按该协议不能升级为直接证据。""}]}"	"{""ids"": [""Fig4f"", ""Fig4g"", ""Fig4h""], ""source_mode"": ""caption_only"", ""display_summary"": ""图注层重建：Fig4f,Fig4g,Fig4h；原图、坐标与原作者作图代码未取得。"", ""evidence"": [{""evidence_id"": ""A12_PrimaryBlockade_F"", ""lane"": ""figure"", ""source_id"": ""SRC001"", ""locator"": ""Final captions: Fig4f,Fig4g,Fig4h"", ""evidence_class"": ""无法验证"", ""summary"": ""最终图注的展示描述，原图像素未取得；浏览阅读已完成但缺少本地原始字节，按该协议不能升级为直接证据。""}]}"	"{""summary"": ""GPR56/CD94 sorting;4-1BB activation;killing;paired tests"", ""evidence"": [{""evidence_id"": ""A12_PrimaryBlockade_M"", ""lane"": ""method"", ""source_id"": ""SRC001"", ""locator"": ""Methods: GPR56/CD94 sorting;4-1BB activation;killing;paired tests"", ""evidence_class"": ""无法验证"", ""summary"": ""GPR56/CD94 sorting;4-1BB activation;killing;paired tests；浏览阅读已完成但缺少本地原始字节，按该协议不能升级为直接证据。""}], ""parameters"": []}"	"[{""evidence_id"": ""A12_PrimaryBlockade_C"", ""source_id"": ""SRC005"", ""snapshot"": null, ""path"": null, ""locator"": null, ""scope"": ""missing"", ""evidence_status"": ""missing""}]"	"{""inputs"": [{""artifact_id"": ""A12_PrimaryBlockade_IN"", ""path"": ""sources/data/A12_PrimaryBlockade_input_missing"", ""semantic_type"": ""未取得的作者分析输入与身份表"", ""fingerprint"": null}], ""outputs"": [{""artifact_id"": ""A12_PrimaryBlockade_OUT"", ""path"": ""expected_author_outputs/A12_PrimaryBlockade_not_generated"", ""semantic_type"": ""未生成的原作者分析结果；不可当观察证据"", ""fingerprint"": null}]} fingerprint=missing"	受阻	"[{""issue_id"": ""A12_PrimaryBlockade_gap"", ""kind"": ""gap"", ""topic"": ""acquisition_execution"", ""description"": ""分选为富集而非所有TR纯群；TCR贡献不能外推临床必要性；未取得原作者源码、相关原始输入与运行输出。"", ""impact"": ""阻止代码审读、参数实现核对与真实复现；只保留文献层重建。"", ""evidence_refs"": [""A12_PrimaryBlockade_P"", ""A12_PrimaryBlockade_M"", ""A12_PrimaryBlockade_C""], ""blocking"": true, ""resolved"": false}, {""issue_id"": ""A12_PrimaryBlockade_parameters_gap"", ""kind"": ""gap"", ""topic"": ""parameter_registry"", ""description"": ""参数已在独立文献摘录表中整理，但正式证据行缺少可指纹核对的原始来源，未注册为直接参数证据。"", ""impact"": ""不可据摘录自动执行或声称参数实现一致。"", ""evidence_refs"": [""A12_PrimaryBlockade_M""], ""blocking"": true, ""resolved"": false}]"
A13_ClinicalCloneDynamics	"{""summary"": ""论文报告TR克隆变化与应答和PFS有关"", ""evidence"": [{""evidence_id"": ""A13_ClinicalCloneDynamics_P"", ""lane"": ""paper_claim"", ""source_id"": ""SRC001"", ""locator"": ""Results; Fig5a,Fig5b,Fig5c,ED8a,ED8b,ED8c,ED8d"", ""evidence_class"": ""无法验证"", ""summary"": ""论文报告TR克隆变化与应答和PFS有关；浏览阅读已完成但缺少本地原始字节，按该协议不能升级为直接证据。""}]}"	"{""ids"": [""Fig5a"", ""Fig5b"", ""Fig5c"", ""ED8a"", ""ED8b"", ""ED8c"", ""ED8d""], ""source_mode"": ""caption_only"", ""display_summary"": ""图注层重建：Fig5a,Fig5b,Fig5c,ED8a,ED8b,ED8c,ED8d；原图、坐标与原作者作图代码未取得。"", ""evidence"": [{""evidence_id"": ""A13_ClinicalCloneDynamics_F"", ""lane"": ""figure"", ""source_id"": ""SRC001"", ""locator"": ""Final captions: Fig5a,Fig5b,Fig5c,ED8a,ED8b,ED8c,ED8d"", ""evidence_class"": ""无法验证"", ""summary"": ""最终图注的展示描述，原图像素未取得；浏览阅读已完成但缺少本地原始字节，按该协议不能升级为直接证据。""}]}"	"{""summary"": ""Alluvial;TR/all-gd fold-change;log-rank;selected receptor screening"", ""evidence"": [{""evidence_id"": ""A13_ClinicalCloneDynamics_M"", ""lane"": ""method"", ""source_id"": ""SRC001"", ""locator"": ""Methods: Alluvial;TR/all-gd fold-change;log-rank;selected receptor screening"", ""evidence_class"": ""无法验证"", ""summary"": ""Alluvial;TR/all-gd fold-change;log-rank;selected receptor screening；浏览阅读已完成但缺少本地原始字节，按该协议不能升级为直接证据。""}], ""parameters"": []}"	"[{""evidence_id"": ""A13_ClinicalCloneDynamics_C"", ""source_id"": ""SRC005"", ""snapshot"": null, ""path"": null, ""locator"": null, ""scope"": ""missing"", ""evidence_status"": ""missing""}]"	"{""inputs"": [{""artifact_id"": ""A13_ClinicalCloneDynamics_IN"", ""path"": ""sources/data/A13_ClinicalCloneDynamics_input_missing"", ""semantic_type"": ""未取得的作者分析输入与身份表"", ""fingerprint"": null}], ""outputs"": [{""artifact_id"": ""A13_ClinicalCloneDynamics_OUT"", ""path"": ""expected_author_outputs/A13_ClinicalCloneDynamics_not_generated"", ""semantic_type"": ""未生成的原作者分析结果；不可当观察证据"", ""fingerprint"": null}]} fingerprint=missing"	受阻	"[{""issue_id"": ""A13_ClinicalCloneDynamics_gap"", ""kind"": ""gap"", ""topic"": ""acquisition_execution"", ""description"": ""已知缺失基线与图注病例数需要入组矩阵解释；未取得原作者源码、相关原始输入与运行输出。"", ""impact"": ""阻止代码审读、参数实现核对与真实复现；只保留文献层重建。"", ""evidence_refs"": [""A13_ClinicalCloneDynamics_P"", ""A13_ClinicalCloneDynamics_M"", ""A13_ClinicalCloneDynamics_C""], ""blocking"": true, ""resolved"": false}, {""issue_id"": ""A13_ClinicalCloneDynamics_parameters_gap"", ""kind"": ""gap"", ""topic"": ""parameter_registry"", ""description"": ""参数已在独立文献摘录表中整理，但正式证据行缺少可指纹核对的原始来源，未注册为直接参数证据。"", ""impact"": ""不可据摘录自动执行或声称参数实现一致。"", ""evidence_refs"": [""A13_ClinicalCloneDynamics_M""], ""blocking"": true, ""resolved"": false}]"
A14_BloodCloneLinkage	"{""summary"": ""论文报告血浆可捕捉骨髓匹配受体信号"", ""evidence"": [{""evidence_id"": ""A14_BloodCloneLinkage_P"", ""lane"": ""paper_claim"", ""source_id"": ""SRC001"", ""locator"": ""Results; Fig5d,ED2a,ED2b,ED2c,ED2d,ED2e,ED2f,ED8e,ED8f,ED5i"", ""evidence_class"": ""无法验证"", ""summary"": ""论文报告血浆可捕捉骨髓匹配受体信号；浏览阅读已完成但缺少本地原始字节，按该协议不能升级为直接证据。""}]}"	"{""ids"": [""Fig5d"", ""ED2a"", ""ED2b"", ""ED2c"", ""ED2d"", ""ED2e"", ""ED2f"", ""ED8e"", ""ED8f"", ""ED5i""], ""source_mode"": ""caption_only"", ""display_summary"": ""图注层重建：Fig5d,ED2a,ED2b,ED2c,ED2d,ED2e,ED2f,ED8e,ED8f,ED5i；原图、坐标与原作者作图代码未取得。"", ""evidence"": [{""evidence_id"": ""A14_BloodCloneLinkage_F"", ""lane"": ""figure"", ""source_id"": ""SRC001"", ""locator"": ""Final captions: Fig5d,ED2a,ED2b,ED2c,ED2d,ED2e,ED2f,ED8e,ED8f,ED5i"", ""evidence_class"": ""无法验证"", ""summary"": ""最终图注的展示描述，原图像素未取得；浏览阅读已完成但缺少本地原始字节，按该协议不能升级为直接证据。""}]}"	"{""summary"": ""CapTCR RF;delta matching;patient-time aggregation;Spearman"", ""evidence"": [{""evidence_id"": ""A14_BloodCloneLinkage_M"", ""lane"": ""method"", ""source_id"": ""SRC001"", ""locator"": ""Methods: CapTCR RF;delta matching;patient-time aggregation;Spearman"", ""evidence_class"": ""无法验证"", ""summary"": ""CapTCR RF;delta matching;patient-time aggregation;Spearman；浏览阅读已完成但缺少本地原始字节，按该协议不能升级为直接证据。""}], ""parameters"": []}"	"[{""evidence_id"": ""A14_BloodCloneLinkage_C"", ""source_id"": ""SRC005"", ""snapshot"": null, ""path"": null, ""locator"": null, ""scope"": ""missing"", ""evidence_status"": ""missing""}]"	"{""inputs"": [{""artifact_id"": ""A14_BloodCloneLinkage_IN"", ""path"": ""sources/data/A14_BloodCloneLinkage_input_missing"", ""semantic_type"": ""未取得的作者分析输入与身份表"", ""fingerprint"": null}], ""outputs"": [{""artifact_id"": ""A14_BloodCloneLinkage_OUT"", ""path"": ""expected_author_outputs/A14_BloodCloneLinkage_not_generated"", ""semantic_type"": ""未生成的原作者分析结果；不可当观察证据"", ""fingerprint"": null}]} fingerprint=missing"	受阻	"[{""issue_id"": ""A14_BloodCloneLinkage_gap"", ""kind"": ""gap"", ""topic"": ""acquisition_execution"", ""description"": ""delta一对多、C2D1/C6D1与重复访视需要显式处理；未取得原作者源码、相关原始输入与运行输出。"", ""impact"": ""阻止代码审读、参数实现核对与真实复现；只保留文献层重建。"", ""evidence_refs"": [""A14_BloodCloneLinkage_P"", ""A14_BloodCloneLinkage_M"", ""A14_BloodCloneLinkage_C""], ""blocking"": true, ""resolved"": false}, {""issue_id"": ""A14_BloodCloneLinkage_parameters_gap"", ""kind"": ""gap"", ""topic"": ""parameter_registry"", ""description"": ""参数已在独立文献摘录表中整理，但正式证据行缺少可指纹核对的原始来源，未注册为直接参数证据。"", ""impact"": ""不可据摘录自动执行或声称参数实现一致。"", ""evidence_refs"": [""A14_BloodCloneLinkage_M""], ""blocking"": true, ""resolved"": false}]"
A15_HLADependence	"{""summary"": ""论文报告部分受体的反应依赖B2M或特定HLA"", ""evidence"": [{""evidence_id"": ""A15_HLADependence_P"", ""lane"": ""paper_claim"", ""source_id"": ""SRC001"", ""locator"": ""Results; Fig6a,Fig6b,Fig6c,Fig6d,ED9a,ED9b,ED9l,ED9m"", ""evidence_class"": ""无法验证"", ""summary"": ""论文报告部分受体的反应依赖B2M或特定HLA；浏览阅读已完成但缺少本地原始字节，按该协议不能升级为直接证据。""}]}"	"{""ids"": [""Fig6a"", ""Fig6b"", ""Fig6c"", ""Fig6d"", ""ED9a"", ""ED9b"", ""ED9l"", ""ED9m""], ""source_mode"": ""caption_only"", ""display_summary"": ""图注层重建：Fig6a,Fig6b,Fig6c,Fig6d,ED9a,ED9b,ED9l,ED9m；原图、坐标与原作者作图代码未取得。"", ""evidence"": [{""evidence_id"": ""A15_HLADependence_F"", ""lane"": ""figure"", ""source_id"": ""SRC001"", ""locator"": ""Final captions: Fig6a,Fig6b,Fig6c,Fig6d,ED9a,ED9b,ED9l,ED9m"", ""evidence_class"": ""无法验证"", ""summary"": ""最终图注的展示描述，原图像素未取得；浏览阅读已完成但缺少本地原始字节，按该协议不能升级为直接证据。""}]}"	"{""summary"": ""B2M/CD1D/HLA/BTN3A KO/OE;single HLA presentation"", ""evidence"": [{""evidence_id"": ""A15_HLADependence_M"", ""lane"": ""method"", ""source_id"": ""SRC001"", ""locator"": ""Methods: B2M/CD1D/HLA/BTN3A KO/OE;single HLA presentation"", ""evidence_class"": ""无法验证"", ""summary"": ""B2M/CD1D/HLA/BTN3A KO/OE;single HLA presentation；浏览阅读已完成但缺少本地原始字节，按该协议不能升级为直接证据。""}], ""parameters"": []}"	"[{""evidence_id"": ""A15_HLADependence_C"", ""source_id"": ""SRC005"", ""snapshot"": null, ""path"": null, ""locator"": null, ""scope"": ""missing"", ""evidence_status"": ""missing""}]"	"{""inputs"": [{""artifact_id"": ""A15_HLADependence_IN"", ""path"": ""sources/data/A15_HLADependence_input_missing"", ""semantic_type"": ""未取得的作者分析输入与身份表"", ""fingerprint"": null}], ""outputs"": [{""artifact_id"": ""A15_HLADependence_OUT"", ""path"": ""expected_author_outputs/A15_HLADependence_not_generated"", ""semantic_type"": ""未生成的原作者分析结果；不可当观察证据"", ""fingerprint"": null}]} fingerprint=missing"	受阻	"[{""issue_id"": ""A15_HLADependence_gap"", ""kind"": ""gap"", ""topic"": ""acquisition_execution"", ""description"": ""KO效率、归一化和重复数据重用需要原始表；未取得原作者源码、相关原始输入与运行输出。"", ""impact"": ""阻止代码审读、参数实现核对与真实复现；只保留文献层重建。"", ""evidence_refs"": [""A15_HLADependence_P"", ""A15_HLADependence_M"", ""A15_HLADependence_C""], ""blocking"": true, ""resolved"": false}, {""issue_id"": ""A15_HLADependence_parameters_gap"", ""kind"": ""gap"", ""topic"": ""parameter_registry"", ""description"": ""参数已在独立文献摘录表中整理，但正式证据行缺少可指纹核对的原始来源，未注册为直接参数证据。"", ""impact"": ""不可据摘录自动执行或声称参数实现一致。"", ""evidence_refs"": [""A15_HLADependence_M""], ""blocking"": true, ""resolved"": false}]"
A16_HLAResidue	"{""summary"": ""论文报告HLA-C关键位点替换可恢复功能识别"", ""evidence"": [{""evidence_id"": ""A16_HLAResidue_P"", ""lane"": ""paper_claim"", ""source_id"": ""SRC001"", ""locator"": ""Results; Fig6e,ED9d,ED9e,ED9f"", ""evidence_class"": ""无法验证"", ""summary"": ""论文报告HLA-C关键位点替换可恢复功能识别；浏览阅读已完成但缺少本地原始字节，按该协议不能升级为直接证据。""}]}"	"{""ids"": [""Fig6e"", ""ED9d"", ""ED9e"", ""ED9f""], ""source_mode"": ""caption_only"", ""display_summary"": ""图注层重建：Fig6e,ED9d,ED9e,ED9f；原图、坐标与原作者作图代码未取得。"", ""evidence"": [{""evidence_id"": ""A16_HLAResidue_F"", ""lane"": ""figure"", ""source_id"": ""SRC001"", ""locator"": ""Final captions: Fig6e,ED9d,ED9e,ED9f"", ""evidence_class"": ""无法验证"", ""summary"": ""最终图注的展示描述，原图像素未取得；浏览阅读已完成但缺少本地原始字节，按该协议不能升级为直接证据。""}]}"	"{""summary"": ""HLA sequence alignment;single-residue rescue;RM-ANOVA"", ""evidence"": [{""evidence_id"": ""A16_HLAResidue_M"", ""lane"": ""method"", ""source_id"": ""SRC001"", ""locator"": ""Methods: HLA sequence alignment;single-residue rescue;RM-ANOVA"", ""evidence_class"": ""无法验证"", ""summary"": ""HLA sequence alignment;single-residue rescue;RM-ANOVA；浏览阅读已完成但缺少本地原始字节，按该协议不能升级为直接证据。""}], ""parameters"": []}"	"[{""evidence_id"": ""A16_HLAResidue_C"", ""source_id"": ""SRC005"", ""snapshot"": null, ""path"": null, ""locator"": null, ""scope"": ""missing"", ""evidence_status"": ""missing""}]"	"{""inputs"": [{""artifact_id"": ""A16_HLAResidue_IN"", ""path"": ""sources/data/A16_HLAResidue_input_missing"", ""semantic_type"": ""未取得的作者分析输入与身份表"", ""fingerprint"": null}], ""outputs"": [{""artifact_id"": ""A16_HLAResidue_OUT"", ""path"": ""expected_author_outputs/A16_HLAResidue_not_generated"", ""semantic_type"": ""未生成的原作者分析结果；不可当观察证据"", ""fingerprint"": null}]} fingerprint=missing"	受阻	"[{""issue_id"": ""A16_HLAResidue_gap"", ""kind"": ""gap"", ""topic"": ""acquisition_execution"", ""description"": ""功能位点不自动证明结构接触或肽完全无关；未取得原作者源码、相关原始输入与运行输出。"", ""impact"": ""阻止代码审读、参数实现核对与真实复现；只保留文献层重建。"", ""evidence_refs"": [""A16_HLAResidue_P"", ""A16_HLAResidue_M"", ""A16_HLAResidue_C""], ""blocking"": true, ""resolved"": false}, {""issue_id"": ""A16_HLAResidue_parameters_gap"", ""kind"": ""gap"", ""topic"": ""parameter_registry"", ""description"": ""参数已在独立文献摘录表中整理，但正式证据行缺少可指纹核对的原始来源，未注册为直接参数证据。"", ""impact"": ""不可据摘录自动执行或声称参数实现一致。"", ""evidence_refs"": [""A16_HLAResidue_M""], ""blocking"": true, ""resolved"": false}]"
A17_KIRContext	"{""summary"": ""论文从受体克隆表型与靶HLA背景提出抑制候选"", ""evidence"": [{""evidence_id"": ""A17_KIRContext_P"", ""lane"": ""paper_claim"", ""source_id"": ""SRC001"", ""locator"": ""Results; Fig6f,Fig6g,ED9c,ED9g,ED9h"", ""evidence_class"": ""无法验证"", ""summary"": ""论文从受体克隆表型与靶HLA背景提出抑制候选；浏览阅读已完成但缺少本地原始字节，按该协议不能升级为直接证据。""}]}"	"{""ids"": [""Fig6f"", ""Fig6g"", ""ED9c"", ""ED9g"", ""ED9h""], ""source_mode"": ""caption_only"", ""display_summary"": ""图注层重建：Fig6f,Fig6g,ED9c,ED9g,ED9h；原图、坐标与原作者作图代码未取得。"", ""evidence"": [{""evidence_id"": ""A17_KIRContext_F"", ""lane"": ""figure"", ""source_id"": ""SRC001"", ""locator"": ""Final captions: Fig6f,Fig6g,ED9c,ED9g,ED9h"", ""evidence_class"": ""无法验证"", ""summary"": ""最终图注的展示描述，原图像素未取得；浏览阅读已完成但缺少本地原始字节，按该协议不能升级为直接证据。""}]}"	"{""summary"": ""Clone-specific DE;HLA genotype/expression;Bw4 context"", ""evidence"": [{""evidence_id"": ""A17_KIRContext_M"", ""lane"": ""method"", ""source_id"": ""SRC001"", ""locator"": ""Methods: Clone-specific DE;HLA genotype/expression;Bw4 context"", ""evidence_class"": ""无法验证"", ""summary"": ""Clone-specific DE;HLA genotype/expression;Bw4 context；浏览阅读已完成但缺少本地原始字节，按该协议不能升级为直接证据。""}], ""parameters"": []}"	"[{""evidence_id"": ""A17_KIRContext_C"", ""source_id"": ""SRC005"", ""snapshot"": null, ""path"": null, ""locator"": null, ""scope"": ""missing"", ""evidence_status"": ""missing""}]"	"{""inputs"": [{""artifact_id"": ""A17_KIRContext_IN"", ""path"": ""sources/data/A17_KIRContext_input_missing"", ""semantic_type"": ""未取得的作者分析输入与身份表"", ""fingerprint"": null}], ""outputs"": [{""artifact_id"": ""A17_KIRContext_OUT"", ""path"": ""expected_author_outputs/A17_KIRContext_not_generated"", ""semantic_type"": ""未生成的原作者分析结果；不可当观察证据"", ""fingerprint"": null}]} fingerprint=missing"	受阻	"[{""issue_id"": ""A17_KIRContext_gap"", ""kind"": ""gap"", ""topic"": ""acquisition_execution"", ""description"": ""克隆特异与供者混杂；RNA低表达不等于表面配体缺失；未取得原作者源码、相关原始输入与运行输出。"", ""impact"": ""阻止代码审读、参数实现核对与真实复现；只保留文献层重建。"", ""evidence_refs"": [""A17_KIRContext_P"", ""A17_KIRContext_M"", ""A17_KIRContext_C""], ""blocking"": true, ""resolved"": false}, {""issue_id"": ""A17_KIRContext_parameters_gap"", ""kind"": ""gap"", ""topic"": ""parameter_registry"", ""description"": ""参数已在独立文献摘录表中整理，但正式证据行缺少可指纹核对的原始来源，未注册为直接参数证据。"", ""impact"": ""不可据摘录自动执行或声称参数实现一致。"", ""evidence_refs"": [""A17_KIRContext_M""], ""blocking"": true, ""resolved"": false}]"
A18_KIRGate	"{""summary"": ""论文提出KIR与HLA共同限制受体效应的条件门"", ""evidence"": [{""evidence_id"": ""A18_KIRGate_P"", ""lane"": ""paper_claim"", ""source_id"": ""SRC001"", ""locator"": ""Results; Fig6h,Fig6i,ED9i,ED9j,ED9k"", ""evidence_class"": ""无法验证"", ""summary"": ""论文提出KIR与HLA共同限制受体效应的条件门；浏览阅读已完成但缺少本地原始字节，按该协议不能升级为直接证据。""}]}"	"{""ids"": [""Fig6h"", ""Fig6i"", ""ED9i"", ""ED9j"", ""ED9k""], ""source_mode"": ""caption_only"", ""display_summary"": ""图注层重建：Fig6h,Fig6i,ED9i,ED9j,ED9k；原图、坐标与原作者作图代码未取得。"", ""evidence"": [{""evidence_id"": ""A18_KIRGate_F"", ""lane"": ""figure"", ""source_id"": ""SRC001"", ""locator"": ""Final captions: Fig6h,Fig6i,ED9i,ED9j,ED9k"", ""evidence_class"": ""无法验证"", ""summary"": ""最终图注的展示描述，原图像素未取得；浏览阅读已完成但缺少本地原始字节，按该协议不能升级为直接证据。""}]}"	"{""summary"": ""KIR3DL1/CD8a;Bw4 targets;blocking/OE;CD69"", ""evidence"": [{""evidence_id"": ""A18_KIRGate_M"", ""lane"": ""method"", ""source_id"": ""SRC001"", ""locator"": ""Methods: KIR3DL1/CD8a;Bw4 targets;blocking/OE;CD69"", ""evidence_class"": ""无法验证"", ""summary"": ""KIR3DL1/CD8a;Bw4 targets;blocking/OE;CD69；浏览阅读已完成但缺少本地原始字节，按该协议不能升级为直接证据。""}], ""parameters"": []}"	"[{""evidence_id"": ""A18_KIRGate_C"", ""source_id"": ""SRC005"", ""snapshot"": null, ""path"": null, ""locator"": null, ""scope"": ""missing"", ""evidence_status"": ""missing""}]"	"{""inputs"": [{""artifact_id"": ""A18_KIRGate_IN"", ""path"": ""sources/data/A18_KIRGate_input_missing"", ""semantic_type"": ""未取得的作者分析输入与身份表"", ""fingerprint"": null}], ""outputs"": [{""artifact_id"": ""A18_KIRGate_OUT"", ""path"": ""expected_author_outputs/A18_KIRGate_not_generated"", ""semantic_type"": ""未生成的原作者分析结果；不可当观察证据"", ""fingerprint"": null}]} fingerprint=missing"	受阻	"[{""issue_id"": ""A18_KIRGate_gap"", ""kind"": ""gap"", ""topic"": ""acquisition_execution"", ""description"": ""正常组织安全性尚无本次验证证据，所测条件的外推范围需限制；未取得原作者源码、相关原始输入与运行输出。"", ""impact"": ""阻止代码审读、参数实现核对与真实复现；只保留文献层重建。"", ""evidence_refs"": [""A18_KIRGate_P"", ""A18_KIRGate_M"", ""A18_KIRGate_C""], ""blocking"": true, ""resolved"": false}, {""issue_id"": ""A18_KIRGate_parameters_gap"", ""kind"": ""gap"", ""topic"": ""parameter_registry"", ""description"": ""参数已在独立文献摘录表中整理，但正式证据行缺少可指纹核对的原始来源，未注册为直接参数证据。"", ""impact"": ""不可据摘录自动执行或声称参数实现一致。"", ""evidence_refs"": [""A18_KIRGate_M""], ""blocking"": true, ""resolved"": false}]"
A19_CellLinePanel	"{""summary"": ""论文利用表达异质性选择MM靶细胞面板"", ""evidence"": [{""evidence_id"": ""A19_CellLinePanel_P"", ""lane"": ""paper_claim"", ""source_id"": ""SRC001"", ""locator"": ""Results; ED5a,ED5b,ED5c"", ""evidence_class"": ""无法验证"", ""summary"": ""论文利用表达异质性选择MM靶细胞面板；浏览阅读已完成但缺少本地原始字节，按该协议不能升级为直接证据。""}]}"	"{""ids"": [""ED5a"", ""ED5b"", ""ED5c""], ""source_mode"": ""caption_only"", ""display_summary"": ""图注层重建：ED5a,ED5b,ED5c；原图、坐标与原作者作图代码未取得。"", ""evidence"": [{""evidence_id"": ""A19_CellLinePanel_F"", ""lane"": ""figure"", ""source_id"": ""SRC001"", ""locator"": ""Final captions: ED5a,ED5b,ED5c"", ""evidence_class"": ""无法验证"", ""summary"": ""最终图注的展示描述，原图像素未取得；浏览阅读已完成但缺少本地原始字节，按该协议不能升级为直接证据。""}]}"	"{""summary"": ""FPKM;filter;UMAP;ligand expression"", ""evidence"": [{""evidence_id"": ""A19_CellLinePanel_M"", ""lane"": ""method"", ""source_id"": ""SRC001"", ""locator"": ""Methods: FPKM;filter;UMAP;ligand expression"", ""evidence_class"": ""无法验证"", ""summary"": ""FPKM;filter;UMAP;ligand expression；浏览阅读已完成但缺少本地原始字节，按该协议不能升级为直接证据。""}], ""parameters"": []}"	"[{""evidence_id"": ""A19_CellLinePanel_C"", ""source_id"": ""SRC005"", ""snapshot"": null, ""path"": null, ""locator"": null, ""scope"": ""missing"", ""evidence_status"": ""missing""}]"	"{""inputs"": [{""artifact_id"": ""A19_CellLinePanel_IN"", ""path"": ""sources/data/A19_CellLinePanel_input_missing"", ""semantic_type"": ""未取得的作者分析输入与身份表"", ""fingerprint"": null}], ""outputs"": [{""artifact_id"": ""A19_CellLinePanel_OUT"", ""path"": ""expected_author_outputs/A19_CellLinePanel_not_generated"", ""semantic_type"": ""未生成的原作者分析结果；不可当观察证据"", ""fingerprint"": null}]} fingerprint=missing"	受阻	"[{""issue_id"": ""A19_CellLinePanel_gap"", ""kind"": ""gap"", ""topic"": ""acquisition_execution"", ""description"": ""bulk与single-cell语义、UMAP参数和靶选择需固定；未取得原作者源码、相关原始输入与运行输出。"", ""impact"": ""阻止代码审读、参数实现核对与真实复现；只保留文献层重建。"", ""evidence_refs"": [""A19_CellLinePanel_P"", ""A19_CellLinePanel_M"", ""A19_CellLinePanel_C""], ""blocking"": true, ""resolved"": false}, {""issue_id"": ""A19_CellLinePanel_parameters_gap"", ""kind"": ""gap"", ""topic"": ""parameter_registry"", ""description"": ""参数已在独立文献摘录表中整理，但正式证据行缺少可指纹核对的原始来源，未注册为直接参数证据。"", ""impact"": ""不可据摘录自动执行或声称参数实现一致。"", ""evidence_refs"": [""A19_CellLinePanel_M""], ""blocking"": true, ""resolved"": false}]"
